"","cog.uniq"
"1","COG0001"
"2","COG0002"
"3","COG0003"
"4","COG0004"
"5","COG0005"
"6","COG0006"
"7","COG0007"
"8","COG0008"
"9","COG0009"
"10","COG0010"
"11","COG0012"
"12","COG0013"
"13","COG0014"
"14","COG0015"
"15","COG0016"
"16","COG0017"
"17","COG0018"
"18","COG0019"
"19","COG0020"
"20","COG0021"
"21","COG0022"
"22","COG0023"
"23","COG0024"
"24","COG0025"
"25","COG0026"
"26","COG0027"
"27","COG0028"
"28","COG0029"
"29","COG0030"
"30","COG0031"
"31","COG0033"
"32","COG0034"
"33","COG0035"
"34","COG0036"
"35","COG0037"
"36","COG0038"
"37","COG0039"
"38","COG0040"
"39","COG0041"
"40","COG0042"
"41","COG0043"
"42","COG0044"
"43","COG0045"
"44","COG0046"
"45","COG0047"
"46","COG0048"
"47","COG0049"
"48","COG0050"
"49","COG0051"
"50","COG0052"
"51","COG0053"
"52","COG0054"
"53","COG0055"
"54","COG0056"
"55","COG0057"
"56","COG0058"
"57","COG0059"
"58","COG0060"
"59","COG0061"
"60","COG0062"
"61","COG0063"
"62","COG0064"
"63","COG0065"
"64","COG0066"
"65","COG0067"
"66","COG0068"
"67","COG0069"
"68","COG0070"
"69","COG0071"
"70","COG0072"
"71","COG0073"
"72","COG0074"
"73","COG0075"
"74","COG0076"
"75","COG0077"
"76","COG0078"
"77","COG0079"
"78","COG0080"
"79","COG0081"
"80","COG0082"
"81","COG0083"
"82","COG0084"
"83","COG0085"
"84","COG0086"
"85","COG0087"
"86","COG0088"
"87","COG0089"
"88","COG0090"
"89","COG0091"
"90","COG0092"
"91","COG0093"
"92","COG0094"
"93","COG0095"
"94","COG0096"
"95","COG0097"
"96","COG0098"
"97","COG0099"
"98","COG0100"
"99","COG0101"
"100","COG0102"
"101","COG0103"
"102","COG0104"
"103","COG0105"
"104","COG0106"
"105","COG0107"
"106","COG0108"
"107","COG0110"
"108","COG0111"
"109","COG0112"
"110","COG0113"
"111","COG0114"
"112","COG0115"
"113","COG0116"
"114","COG0117"
"115","COG0118"
"116","COG0119"
"117","COG0120"
"118","COG0121"
"119","COG0122"
"120","COG0123"
"121","COG0124"
"122","COG0125"
"123","COG0126"
"124","COG0127"
"125","COG0128"
"126","COG0129"
"127","COG0130"
"128","COG0131"
"129","COG0132"
"130","COG0133"
"131","COG0134"
"132","COG0135"
"133","COG0136"
"134","COG0137"
"135","COG0138"
"136","COG0139"
"137","COG0141"
"138","COG0142"
"139","COG0143"
"140","COG0144"
"141","COG0147"
"142","COG0148"
"143","COG0149"
"144","COG0150"
"145","COG0151"
"146","COG0152"
"147","COG0153"
"148","COG0154"
"149","COG0155"
"150","COG0156"
"151","COG0157"
"152","COG0158"
"153","COG0159"
"154","COG0160"
"155","COG0161"
"156","COG0162"
"157","COG0163"
"158","COG0164"
"159","COG0165"
"160","COG0166"
"161","COG0167"
"162","COG0168"
"163","COG0169"
"164","COG0171"
"165","COG0172"
"166","COG0173"
"167","COG0174"
"168","COG0175"
"169","COG0176"
"170","COG0177"
"171","COG0178"
"172","COG0179"
"173","COG0180"
"174","COG0181"
"175","COG0182"
"176","COG0183"
"177","COG0184"
"178","COG0185"
"179","COG0186"
"180","COG0187"
"181","COG0188"
"182","COG0189"
"183","COG0190"
"184","COG0191"
"185","COG0192"
"186","COG0193"
"187","COG0194"
"188","COG0195"
"189","COG0196"
"190","COG0197"
"191","COG0198"
"192","COG0199"
"193","COG0200"
"194","COG0201"
"195","COG0202"
"196","COG0203"
"197","COG0204"
"198","COG0205"
"199","COG0206"
"200","COG0207"
"201","COG0208"
"202","COG0209"
"203","COG0210"
"204","COG0211"
"205","COG0212"
"206","COG0213"
"207","COG0214"
"208","COG0215"
"209","COG0216"
"210","COG0217"
"211","COG0218"
"212","COG0219"
"213","COG0220"
"214","COG0221"
"215","COG0222"
"216","COG0223"
"217","COG0224"
"218","COG0225"
"219","COG0226"
"220","COG0227"
"221","COG0228"
"222","COG0229"
"223","COG0230"
"224","COG0231"
"225","COG0232"
"226","COG0233"
"227","COG0234"
"228","COG0235"
"229","COG0236"
"230","COG0237"
"231","COG0238"
"232","COG0239"
"233","COG0240"
"234","COG0241"
"235","COG0242"
"236","COG0243"
"237","COG0244"
"238","COG0245"
"239","COG0246"
"240","COG0247"
"241","COG0248"
"242","COG0249"
"243","COG0250"
"244","COG0251"
"245","COG0252"
"246","COG0253"
"247","COG0254"
"248","COG0255"
"249","COG0256"
"250","COG0257"
"251","COG0258"
"252","COG0259"
"253","COG0260"
"254","COG0261"
"255","COG0262"
"256","COG0263"
"257","COG0264"
"258","COG0265"
"259","COG0266"
"260","COG0267"
"261","COG0268"
"262","COG0269"
"263","COG0270"
"264","COG0271"
"265","COG0272"
"266","COG0274"
"267","COG0275"
"268","COG0276"
"269","COG0277"
"270","COG0279"
"271","COG0280"
"272","COG0281"
"273","COG0282"
"274","COG0283"
"275","COG0284"
"276","COG0285"
"277","COG0286"
"278","COG0287"
"279","COG0288"
"280","COG0289"
"281","COG0290"
"282","COG0291"
"283","COG0292"
"284","COG0293"
"285","COG0294"
"286","COG0295"
"287","COG0296"
"288","COG0297"
"289","COG0298"
"290","COG0299"
"291","COG0300"
"292","COG0301"
"293","COG0302"
"294","COG0303"
"295","COG0304"
"296","COG0305"
"297","COG0306"
"298","COG0307"
"299","COG0308"
"300","COG0309"
"301","COG0310"
"302","COG0311"
"303","COG0312"
"304","COG0313"
"305","COG0314"
"306","COG0315"
"307","COG0316"
"308","COG0317"
"309","COG0318"
"310","COG0319"
"311","COG0320"
"312","COG0321"
"313","COG0322"
"314","COG0323"
"315","COG0324"
"316","COG0325"
"317","COG0326"
"318","COG0327"
"319","COG0328"
"320","COG0329"
"321","COG0330"
"322","COG0331"
"323","COG0332"
"324","COG0333"
"325","COG0334"
"326","COG0335"
"327","COG0336"
"328","COG0337"
"329","COG0338"
"330","COG0339"
"331","COG0340"
"332","COG0341"
"333","COG0342"
"334","COG0343"
"335","COG0344"
"336","COG0345"
"337","COG0346"
"338","COG0347"
"339","COG0348"
"340","COG0349"
"341","COG0350"
"342","COG0351"
"343","COG0352"
"344","COG0353"
"345","COG0354"
"346","COG0355"
"347","COG0356"
"348","COG0357"
"349","COG0358"
"350","COG0359"
"351","COG0360"
"352","COG0361"
"353","COG0362"
"354","COG0363"
"355","COG0364"
"356","COG0365"
"357","COG0366"
"358","COG0367"
"359","COG0368"
"360","COG0369"
"361","COG0370"
"362","COG0371"
"363","COG0372"
"364","COG0373"
"365","COG0374"
"366","COG0375"
"367","COG0377"
"368","COG0378"
"369","COG0379"
"370","COG0380"
"371","COG0381"
"372","COG0382"
"373","COG0383"
"374","COG0385"
"375","COG0386"
"376","COG0388"
"377","COG0389"
"378","COG0390"
"379","COG0391"
"380","COG0392"
"381","COG0393"
"382","COG0394"
"383","COG0395"
"384","COG0396"
"385","COG0398"
"386","COG0399"
"387","COG0400"
"388","COG0402"
"389","COG0403"
"390","COG0404"
"391","COG0405"
"392","COG0406"
"393","COG0407"
"394","COG0409"
"395","COG0410"
"396","COG0411"
"397","COG0412"
"398","COG0413"
"399","COG0414"
"400","COG0416"
"401","COG0417"
"402","COG0418"
"403","COG0419"
"404","COG0420"
"405","COG0421"
"406","COG0422"
"407","COG0423"
"408","COG0424"
"409","COG0425"
"410","COG0426"
"411","COG0427"
"412","COG0428"
"413","COG0429"
"414","COG0430"
"415","COG0431"
"416","COG0432"
"417","COG0433"
"418","COG0434"
"419","COG0436"
"420","COG0437"
"421","COG0438"
"422","COG0439"
"423","COG0440"
"424","COG0441"
"425","COG0442"
"426","COG0443"
"427","COG0444"
"428","COG0445"
"429","COG0446"
"430","COG0447"
"431","COG0448"
"432","COG0449"
"433","COG0450"
"434","COG0451"
"435","COG0452"
"436","COG0455"
"437","COG0456"
"438","COG0457"
"439","COG0458"
"440","COG0459"
"441","COG0460"
"442","COG0461"
"443","COG0462"
"444","COG0463"
"445","COG0464"
"446","COG0465"
"447","COG0466"
"448","COG0467"
"449","COG0468"
"450","COG0469"
"451","COG0471"
"452","COG0472"
"453","COG0473"
"454","COG0474"
"455","COG0475"
"456","COG0476"
"457","COG0478"
"458","COG0479"
"459","COG0480"
"460","COG0481"
"461","COG0482"
"462","COG0483"
"463","COG0484"
"464","COG0486"
"465","COG0488"
"466","COG0489"
"467","COG0490"
"468","COG0491"
"469","COG0492"
"470","COG0493"
"471","COG0494"
"472","COG0495"
"473","COG0496"
"474","COG0497"
"475","COG0498"
"476","COG0499"
"477","COG0500"
"478","COG0501"
"479","COG0502"
"480","COG0503"
"481","COG0504"
"482","COG0505"
"483","COG0506"
"484","COG0507"
"485","COG0508"
"486","COG0509"
"487","COG0510"
"488","COG0511"
"489","COG0512"
"490","COG0513"
"491","COG0514"
"492","COG0515"
"493","COG0516"
"494","COG0517"
"495","COG0518"
"496","COG0519"
"497","COG0520"
"498","COG0521"
"499","COG0522"
"500","COG0523"
"501","COG0524"
"502","COG0525"
"503","COG0526"
"504","COG0527"
"505","COG0528"
"506","COG0529"
"507","COG0530"
"508","COG0531"
"509","COG0532"
"510","COG0533"
"511","COG0534"
"512","COG0535"
"513","COG0536"
"514","COG0537"
"515","COG0538"
"516","COG0539"
"517","COG0540"
"518","COG0541"
"519","COG0542"
"520","COG0543"
"521","COG0544"
"522","COG0545"
"523","COG0546"
"524","COG0547"
"525","COG0548"
"526","COG0549"
"527","COG0550"
"528","COG0551"
"529","COG0552"
"530","COG0553"
"531","COG0554"
"532","COG0555"
"533","COG0556"
"534","COG0557"
"535","COG0558"
"536","COG0559"
"537","COG0560"
"538","COG0561"
"539","COG0562"
"540","COG0563"
"541","COG0564"
"542","COG0565"
"543","COG0566"
"544","COG0567"
"545","COG0568"
"546","COG0569"
"547","COG0571"
"548","COG0572"
"549","COG0573"
"550","COG0574"
"551","COG0575"
"552","COG0576"
"553","COG0577"
"554","COG0578"
"555","COG0579"
"556","COG0580"
"557","COG0581"
"558","COG0582"
"559","COG0583"
"560","COG0584"
"561","COG0586"
"562","COG0587"
"563","COG0588"
"564","COG0589"
"565","COG0590"
"566","COG0591"
"567","COG0592"
"568","COG0593"
"569","COG0594"
"570","COG0595"
"571","COG0596"
"572","COG0597"
"573","COG0598"
"574","COG0599"
"575","COG0600"
"576","COG0601"
"577","COG0602"
"578","COG0603"
"579","COG0604"
"580","COG0605"
"581","COG0606"
"582","COG0607"
"583","COG0608"
"584","COG0609"
"585","COG0610"
"586","COG0611"
"587","COG0612"
"588","COG0613"
"589","COG0614"
"590","COG0615"
"591","COG0616"
"592","COG0617"
"593","COG0618"
"594","COG0619"
"595","COG0620"
"596","COG0621"
"597","COG0622"
"598","COG0623"
"599","COG0624"
"600","COG0625"
"601","COG0626"
"602","COG0627"
"603","COG0628"
"604","COG0629"
"605","COG0630"
"606","COG0631"
"607","COG0632"
"608","COG0633"
"609","COG0634"
"610","COG0635"
"611","COG0636"
"612","COG0637"
"613","COG0638"
"614","COG0639"
"615","COG0640"
"616","COG0641"
"617","COG0642"
"618","COG0643"
"619","COG0644"
"620","COG0645"
"621","COG0646"
"622","COG0647"
"623","COG0648"
"624","COG0649"
"625","COG0650"
"626","COG0651"
"627","COG0652"
"628","COG0653"
"629","COG0654"
"630","COG0655"
"631","COG0656"
"632","COG0657"
"633","COG0658"
"634","COG0659"
"635","COG0661"
"636","COG0662"
"637","COG0663"
"638","COG0664"
"639","COG0665"
"640","COG0666"
"641","COG0667"
"642","COG0668"
"643","COG0669"
"644","COG0670"
"645","COG0671"
"646","COG0673"
"647","COG0674"
"648","COG0675"
"649","COG0676"
"650","COG0677"
"651","COG0679"
"652","COG0680"
"653","COG0681"
"654","COG0682"
"655","COG0683"
"656","COG0684"
"657","COG0685"
"658","COG0686"
"659","COG0687"
"660","COG0688"
"661","COG0689"
"662","COG0690"
"663","COG0691"
"664","COG0692"
"665","COG0693"
"666","COG0694"
"667","COG0695"
"668","COG0696"
"669","COG0697"
"670","COG0698"
"671","COG0699"
"672","COG0700"
"673","COG0701"
"674","COG0703"
"675","COG0704"
"676","COG0705"
"677","COG0706"
"678","COG0707"
"679","COG0708"
"680","COG0709"
"681","COG0710"
"682","COG0711"
"683","COG0712"
"684","COG0713"
"685","COG0714"
"686","COG0715"
"687","COG0716"
"688","COG0717"
"689","COG0718"
"690","COG0719"
"691","COG0720"
"692","COG0721"
"693","COG0722"
"694","COG0723"
"695","COG0724"
"696","COG0725"
"697","COG0726"
"698","COG0727"
"699","COG0728"
"700","COG0729"
"701","COG0730"
"702","COG0731"
"703","COG0732"
"704","COG0733"
"705","COG0735"
"706","COG0736"
"707","COG0737"
"708","COG0738"
"709","COG0739"
"710","COG0740"
"711","COG0741"
"712","COG0742"
"713","COG0743"
"714","COG0744"
"715","COG0745"
"716","COG0746"
"717","COG0747"
"718","COG0749"
"719","COG0750"
"720","COG0751"
"721","COG0752"
"722","COG0753"
"723","COG0755"
"724","COG0756"
"725","COG0757"
"726","COG0758"
"727","COG0759"
"728","COG0760"
"729","COG0761"
"730","COG0762"
"731","COG0763"
"732","COG0764"
"733","COG0765"
"734","COG0766"
"735","COG0767"
"736","COG0768"
"737","COG0769"
"738","COG0770"
"739","COG0771"
"740","COG0772"
"741","COG0773"
"742","COG0774"
"743","COG0775"
"744","COG0776"
"745","COG0777"
"746","COG0778"
"747","COG0779"
"748","COG0780"
"749","COG0781"
"750","COG0782"
"751","COG0783"
"752","COG0784"
"753","COG0785"
"754","COG0786"
"755","COG0787"
"756","COG0788"
"757","COG0789"
"758","COG0790"
"759","COG0791"
"760","COG0792"
"761","COG0793"
"762","COG0794"
"763","COG0795"
"764","COG0796"
"765","COG0797"
"766","COG0798"
"767","COG0799"
"768","COG0800"
"769","COG0801"
"770","COG0802"
"771","COG0803"
"772","COG0804"
"773","COG0805"
"774","COG0806"
"775","COG0807"
"776","COG0809"
"777","COG0810"
"778","COG0811"
"779","COG0812"
"780","COG0813"
"781","COG0814"
"782","COG0815"
"783","COG0816"
"784","COG0817"
"785","COG0818"
"786","COG0819"
"787","COG0820"
"788","COG0821"
"789","COG0822"
"790","COG0823"
"791","COG0824"
"792","COG0825"
"793","COG0826"
"794","COG0827"
"795","COG0828"
"796","COG0829"
"797","COG0830"
"798","COG0831"
"799","COG0832"
"800","COG0833"
"801","COG0834"
"802","COG0835"
"803","COG0836"
"804","COG0837"
"805","COG0838"
"806","COG0839"
"807","COG0840"
"808","COG0841"
"809","COG0842"
"810","COG0845"
"811","COG0846"
"812","COG0847"
"813","COG0848"
"814","COG0849"
"815","COG0850"
"816","COG0851"
"817","COG0852"
"818","COG0853"
"819","COG0854"
"820","COG0855"
"821","COG0858"
"822","COG0859"
"823","COG0860"
"824","COG0861"
"825","COG0863"
"826","COG0864"
"827","COG1001"
"828","COG1002"
"829","COG1003"
"830","COG1004"
"831","COG1005"
"832","COG1006"
"833","COG1007"
"834","COG1008"
"835","COG1009"
"836","COG1010"
"837","COG1011"
"838","COG1012"
"839","COG1013"
"840","COG1014"
"841","COG1015"
"842","COG1017"
"843","COG1018"
"844","COG1020"
"845","COG1021"
"846","COG1022"
"847","COG1024"
"848","COG1025"
"849","COG1026"
"850","COG1027"
"851","COG1028"
"852","COG1030"
"853","COG1032"
"854","COG1033"
"855","COG1034"
"856","COG1035"
"857","COG1036"
"858","COG1038"
"859","COG1039"
"860","COG1040"
"861","COG1041"
"862","COG1042"
"863","COG1043"
"864","COG1044"
"865","COG1045"
"866","COG1047"
"867","COG1048"
"868","COG1051"
"869","COG1052"
"870","COG1053"
"871","COG1055"
"872","COG1056"
"873","COG1057"
"874","COG1058"
"875","COG1060"
"876","COG1061"
"877","COG1062"
"878","COG1063"
"879","COG1064"
"880","COG1066"
"881","COG1067"
"882","COG1069"
"883","COG1070"
"884","COG1071"
"885","COG1072"
"886","COG1073"
"887","COG1074"
"888","COG1075"
"889","COG1076"
"890","COG1077"
"891","COG1078"
"892","COG1079"
"893","COG1080"
"894","COG1082"
"895","COG1083"
"896","COG1084"
"897","COG1086"
"898","COG1087"
"899","COG1088"
"900","COG1089"
"901","COG1090"
"902","COG1091"
"903","COG1092"
"904","COG1093"
"905","COG1094"
"906","COG1095"
"907","COG1096"
"908","COG1097"
"909","COG1098"
"910","COG1099"
"911","COG1100"
"912","COG1101"
"913","COG1102"
"914","COG1104"
"915","COG1105"
"916","COG1106"
"917","COG1108"
"918","COG1109"
"919","COG1111"
"920","COG1112"
"921","COG1113"
"922","COG1114"
"923","COG1115"
"924","COG1116"
"925","COG1117"
"926","COG1118"
"927","COG1119"
"928","COG1120"
"929","COG1121"
"930","COG1122"
"931","COG1123"
"932","COG1124"
"933","COG1125"
"934","COG1126"
"935","COG1127"
"936","COG1129"
"937","COG1131"
"938","COG1132"
"939","COG1134"
"940","COG1135"
"941","COG1136"
"942","COG1137"
"943","COG1138"
"944","COG1139"
"945","COG1140"
"946","COG1141"
"947","COG1142"
"948","COG1143"
"949","COG1144"
"950","COG1145"
"951","COG1146"
"952","COG1148"
"953","COG1149"
"954","COG1150"
"955","COG1151"
"956","COG1152"
"957","COG1154"
"958","COG1155"
"959","COG1156"
"960","COG1157"
"961","COG1158"
"962","COG1159"
"963","COG1160"
"964","COG1161"
"965","COG1162"
"966","COG1163"
"967","COG1164"
"968","COG1165"
"969","COG1166"
"970","COG1167"
"971","COG1168"
"972","COG1169"
"973","COG1171"
"974","COG1172"
"975","COG1173"
"976","COG1174"
"977","COG1175"
"978","COG1176"
"979","COG1177"
"980","COG1178"
"981","COG1179"
"982","COG1180"
"983","COG1181"
"984","COG1183"
"985","COG1184"
"986","COG1185"
"987","COG1186"
"988","COG1187"
"989","COG1188"
"990","COG1189"
"991","COG1190"
"992","COG1191"
"993","COG1192"
"994","COG1193"
"995","COG1194"
"996","COG1195"
"997","COG1196"
"998","COG1197"
"999","COG1198"
"1000","COG1199"
"1001","COG1200"
"1002","COG1201"
"1003","COG1202"
"1004","COG1203"
"1005","COG1204"
"1006","COG1205"
"1007","COG1206"
"1008","COG1207"
"1009","COG1208"
"1010","COG1209"
"1011","COG1210"
"1012","COG1211"
"1013","COG1212"
"1014","COG1213"
"1015","COG1214"
"1016","COG1215"
"1017","COG1216"
"1018","COG1217"
"1019","COG1218"
"1020","COG1219"
"1021","COG1220"
"1022","COG1221"
"1023","COG1222"
"1024","COG1223"
"1025","COG1224"
"1026","COG1225"
"1027","COG1226"
"1028","COG1227"
"1029","COG1228"
"1030","COG1229"
"1031","COG1230"
"1032","COG1232"
"1033","COG1233"
"1034","COG1234"
"1035","COG1235"
"1036","COG1236"
"1037","COG1237"
"1038","COG1238"
"1039","COG1240"
"1040","COG1241"
"1041","COG1242"
"1042","COG1243"
"1043","COG1244"
"1044","COG1245"
"1045","COG1246"
"1046","COG1247"
"1047","COG1249"
"1048","COG1250"
"1049","COG1251"
"1050","COG1252"
"1051","COG1253"
"1052","COG1254"
"1053","COG1256"
"1054","COG1257"
"1055","COG1258"
"1056","COG1259"
"1057","COG1260"
"1058","COG1261"
"1059","COG1262"
"1060","COG1263"
"1061","COG1264"
"1062","COG1266"
"1063","COG1267"
"1064","COG1268"
"1065","COG1269"
"1066","COG1270"
"1067","COG1271"
"1068","COG1272"
"1069","COG1273"
"1070","COG1274"
"1071","COG1275"
"1072","COG1277"
"1073","COG1278"
"1074","COG1279"
"1075","COG1280"
"1076","COG1281"
"1077","COG1282"
"1078","COG1283"
"1079","COG1284"
"1080","COG1285"
"1081","COG1286"
"1082","COG1287"
"1083","COG1288"
"1084","COG1291"
"1085","COG1292"
"1086","COG1293"
"1087","COG1294"
"1088","COG1295"
"1089","COG1296"
"1090","COG1297"
"1091","COG1298"
"1092","COG1299"
"1093","COG1300"
"1094","COG1301"
"1095","COG1302"
"1096","COG1304"
"1097","COG1305"
"1098","COG1306"
"1099","COG1307"
"1100","COG1308"
"1101","COG1309"
"1102","COG1310"
"1103","COG1312"
"1104","COG1313"
"1105","COG1314"
"1106","COG1315"
"1107","COG1316"
"1108","COG1317"
"1109","COG1319"
"1110","COG1320"
"1111","COG1321"
"1112","COG1322"
"1113","COG1323"
"1114","COG1324"
"1115","COG1327"
"1116","COG1328"
"1117","COG1329"
"1118","COG1330"
"1119","COG1331"
"1120","COG1332"
"1121","COG1333"
"1122","COG1335"
"1123","COG1337"
"1124","COG1338"
"1125","COG1342"
"1126","COG1343"
"1127","COG1344"
"1128","COG1345"
"1129","COG1346"
"1130","COG1347"
"1131","COG1349"
"1132","COG1350"
"1133","COG1351"
"1134","COG1352"
"1135","COG1353"
"1136","COG1354"
"1137","COG1355"
"1138","COG1357"
"1139","COG1358"
"1140","COG1359"
"1141","COG1360"
"1142","COG1361"
"1143","COG1362"
"1144","COG1363"
"1145","COG1364"
"1146","COG1366"
"1147","COG1368"
"1148","COG1371"
"1149","COG1372"
"1150","COG1373"
"1151","COG1376"
"1152","COG1377"
"1153","COG1378"
"1154","COG1379"
"1155","COG1380"
"1156","COG1381"
"1157","COG1383"
"1158","COG1385"
"1159","COG1386"
"1160","COG1387"
"1161","COG1388"
"1162","COG1390"
"1163","COG1391"
"1164","COG1392"
"1165","COG1393"
"1166","COG1394"
"1167","COG1395"
"1168","COG1396"
"1169","COG1397"
"1170","COG1399"
"1171","COG1401"
"1172","COG1402"
"1173","COG1403"
"1174","COG1404"
"1175","COG1405"
"1176","COG1406"
"1177","COG1408"
"1178","COG1409"
"1179","COG1410"
"1180","COG1412"
"1181","COG1413"
"1182","COG1414"
"1183","COG1416"
"1184","COG1418"
"1185","COG1419"
"1186","COG1420"
"1187","COG1421"
"1188","COG1426"
"1189","COG1427"
"1190","COG1428"
"1191","COG1429"
"1192","COG1430"
"1193","COG1431"
"1194","COG1432"
"1195","COG1433"
"1196","COG1434"
"1197","COG1435"
"1198","COG1436"
"1199","COG1437"
"1200","COG1438"
"1201","COG1439"
"1202","COG1440"
"1203","COG1442"
"1204","COG1443"
"1205","COG1444"
"1206","COG1445"
"1207","COG1446"
"1208","COG1447"
"1209","COG1448"
"1210","COG1449"
"1211","COG1450"
"1212","COG1451"
"1213","COG1452"
"1214","COG1453"
"1215","COG1454"
"1216","COG1455"
"1217","COG1456"
"1218","COG1457"
"1219","COG1459"
"1220","COG1461"
"1221","COG1462"
"1222","COG1463"
"1223","COG1464"
"1224","COG1465"
"1225","COG1466"
"1226","COG1467"
"1227","COG1468"
"1228","COG1469"
"1229","COG1470"
"1230","COG1471"
"1231","COG1472"
"1232","COG1473"
"1233","COG1474"
"1234","COG1475"
"1235","COG1476"
"1236","COG1477"
"1237","COG1479"
"1238","COG1480"
"1239","COG1481"
"1240","COG1482"
"1241","COG1483"
"1242","COG1484"
"1243","COG1486"
"1244","COG1487"
"1245","COG1488"
"1246","COG1489"
"1247","COG1490"
"1248","COG1492"
"1249","COG1493"
"1250","COG1494"
"1251","COG1496"
"1252","COG1498"
"1253","COG1499"
"1254","COG1500"
"1255","COG1501"
"1256","COG1502"
"1257","COG1503"
"1258","COG1505"
"1259","COG1506"
"1260","COG1508"
"1261","COG1509"
"1262","COG1510"
"1263","COG1511"
"1264","COG1512"
"1265","COG1514"
"1266","COG1515"
"1267","COG1516"
"1268","COG1518"
"1269","COG1519"
"1270","COG1520"
"1271","COG1521"
"1272","COG1522"
"1273","COG1523"
"1274","COG1524"
"1275","COG1525"
"1276","COG1527"
"1277","COG1528"
"1278","COG1529"
"1279","COG1530"
"1280","COG1532"
"1281","COG1533"
"1282","COG1534"
"1283","COG1536"
"1284","COG1537"
"1285","COG1538"
"1286","COG1539"
"1287","COG1540"
"1288","COG1541"
"1289","COG1543"
"1290","COG1544"
"1291","COG1545"
"1292","COG1546"
"1293","COG1550"
"1294","COG1551"
"1295","COG1554"
"1296","COG1555"
"1297","COG1556"
"1298","COG1558"
"1299","COG1559"
"1300","COG1560"
"1301","COG1561"
"1302","COG1562"
"1303","COG1563"
"1304","COG1564"
"1305","COG1565"
"1306","COG1566"
"1307","COG1567"
"1308","COG1569"
"1309","COG1570"
"1310","COG1572"
"1311","COG1573"
"1312","COG1574"
"1313","COG1575"
"1314","COG1576"
"1315","COG1577"
"1316","COG1578"
"1317","COG1579"
"1318","COG1580"
"1319","COG1583"
"1320","COG1585"
"1321","COG1586"
"1322","COG1587"
"1323","COG1589"
"1324","COG1592"
"1325","COG1593"
"1326","COG1594"
"1327","COG1595"
"1328","COG1596"
"1329","COG1597"
"1330","COG1598"
"1331","COG1600"
"1332","COG1601"
"1333","COG1605"
"1334","COG1606"
"1335","COG1607"
"1336","COG1609"
"1337","COG1610"
"1338","COG1611"
"1339","COG1614"
"1340","COG1619"
"1341","COG1620"
"1342","COG1621"
"1343","COG1624"
"1344","COG1625"
"1345","COG1626"
"1346","COG1629"
"1347","COG1632"
"1348","COG1633"
"1349","COG1635"
"1350","COG1636"
"1351","COG1638"
"1352","COG1640"
"1353","COG1641"
"1354","COG1643"
"1355","COG1648"
"1356","COG1649"
"1357","COG1651"
"1358","COG1652"
"1359","COG1653"
"1360","COG1658"
"1361","COG1660"
"1362","COG1661"
"1363","COG1662"
"1364","COG1663"
"1365","COG1664"
"1366","COG1666"
"1367","COG1668"
"1368","COG1669"
"1369","COG1670"
"1370","COG1671"
"1371","COG1672"
"1372","COG1674"
"1373","COG1675"
"1374","COG1677"
"1375","COG1678"
"1376","COG1680"
"1377","COG1682"
"1378","COG1683"
"1379","COG1684"
"1380","COG1686"
"1381","COG1687"
"1382","COG1690"
"1383","COG1691"
"1384","COG1692"
"1385","COG1693"
"1386","COG1694"
"1387","COG1695"
"1388","COG1696"
"1389","COG1697"
"1390","COG1699"
"1391","COG1700"
"1392","COG1702"
"1393","COG1703"
"1394","COG1704"
"1395","COG1705"
"1396","COG1706"
"1397","COG1708"
"1398","COG1709"
"1399","COG1712"
"1400","COG1713"
"1401","COG1714"
"1402","COG1715"
"1403","COG1716"
"1404","COG1717"
"1405","COG1718"
"1406","COG1720"
"1407","COG1721"
"1408","COG1722"
"1409","COG1724"
"1410","COG1725"
"1411","COG1726"
"1412","COG1727"
"1413","COG1729"
"1414","COG1730"
"1415","COG1732"
"1416","COG1733"
"1417","COG1734"
"1418","COG1736"
"1419","COG1737"
"1420","COG1738"
"1421","COG1739"
"1422","COG1740"
"1423","COG1741"
"1424","COG1743"
"1425","COG1744"
"1426","COG1748"
"1427","COG1749"
"1428","COG1752"
"1429","COG1754"
"1430","COG1755"
"1431","COG1757"
"1432","COG1758"
"1433","COG1760"
"1434","COG1762"
"1435","COG1763"
"1436","COG1764"
"1437","COG1765"
"1438","COG1766"
"1439","COG1767"
"1440","COG1768"
"1441","COG1770"
"1442","COG1773"
"1443","COG1774"
"1444","COG1775"
"1445","COG1778"
"1446","COG1779"
"1447","COG1781"
"1448","COG1782"
"1449","COG1783"
"1450","COG1785"
"1451","COG1787"
"1452","COG1788"
"1453","COG1791"
"1454","COG1792"
"1455","COG1793"
"1456","COG1794"
"1457","COG1797"
"1458","COG1798"
"1459","COG1799"
"1460","COG1802"
"1461","COG1803"
"1462","COG1804"
"1463","COG1805"
"1464","COG1806"
"1465","COG1807"
"1466","COG1808"
"1467","COG1811"
"1468","COG1813"
"1469","COG1814"
"1470","COG1815"
"1471","COG1816"
"1472","COG1819"
"1473","COG1820"
"1474","COG1825"
"1475","COG1826"
"1476","COG1827"
"1477","COG1830"
"1478","COG1832"
"1479","COG1834"
"1480","COG1835"
"1481","COG1837"
"1482","COG1838"
"1483","COG1840"
"1484","COG1841"
"1485","COG1842"
"1486","COG1843"
"1487","COG1846"
"1488","COG1847"
"1489","COG1848"
"1490","COG1850"
"1491","COG1853"
"1492","COG1854"
"1493","COG1855"
"1494","COG1858"
"1495","COG1859"
"1496","COG1861"
"1497","COG1862"
"1498","COG1863"
"1499","COG1864"
"1500","COG1865"
"1501","COG1866"
"1502","COG1867"
"1503","COG1868"
"1504","COG1869"
"1505","COG1872"
"1506","COG1873"
"1507","COG1874"
"1508","COG1875"
"1509","COG1876"
"1510","COG1877"
"1511","COG1878"
"1512","COG1879"
"1513","COG1881"
"1514","COG1882"
"1515","COG1883"
"1516","COG1884"
"1517","COG1886"
"1518","COG1887"
"1519","COG1889"
"1520","COG1890"
"1521","COG1893"
"1522","COG1894"
"1523","COG1895"
"1524","COG1896"
"1525","COG1897"
"1526","COG1898"
"1527","COG1899"
"1528","COG1900"
"1529","COG1902"
"1530","COG1903"
"1531","COG1904"
"1532","COG1905"
"1533","COG1908"
"1534","COG1910"
"1535","COG1912"
"1536","COG1914"
"1537","COG1915"
"1538","COG1916"
"1539","COG1917"
"1540","COG1918"
"1541","COG1921"
"1542","COG1922"
"1543","COG1923"
"1544","COG1924"
"1545","COG1925"
"1546","COG1928"
"1547","COG1929"
"1548","COG1930"
"1549","COG1932"
"1550","COG1934"
"1551","COG1936"
"1552","COG1937"
"1553","COG1939"
"1554","COG1940"
"1555","COG1942"
"1556","COG1943"
"1557","COG1944"
"1558","COG1945"
"1559","COG1947"
"1560","COG1948"
"1561","COG1949"
"1562","COG1950"
"1563","COG1951"
"1564","COG1952"
"1565","COG1953"
"1566","COG1954"
"1567","COG1956"
"1568","COG1957"
"1569","COG1958"
"1570","COG1959"
"1571","COG1960"
"1572","COG1961"
"1573","COG1963"
"1574","COG1964"
"1575","COG1966"
"1576","COG1968"
"1577","COG1969"
"1578","COG1970"
"1579","COG1971"
"1580","COG1972"
"1581","COG1974"
"1582","COG1975"
"1583","COG1976"
"1584","COG1977"
"1585","COG1979"
"1586","COG1982"
"1587","COG1983"
"1588","COG1984"
"1589","COG1985"
"1590","COG1987"
"1591","COG1988"
"1592","COG1989"
"1593","COG1990"
"1594","COG1994"
"1595","COG1995"
"1596","COG1997"
"1597","COG1998"
"1598","COG1999"
"1599","COG2001"
"1600","COG2002"
"1601","COG2003"
"1602","COG2004"
"1603","COG2005"
"1604","COG2006"
"1605","COG2007"
"1606","COG2008"
"1607","COG2009"
"1608","COG2010"
"1609","COG2011"
"1610","COG2013"
"1611","COG2015"
"1612","COG2017"
"1613","COG2019"
"1614","COG2020"
"1615","COG2021"
"1616","COG2022"
"1617","COG2025"
"1618","COG2026"
"1619","COG2027"
"1620","COG2029"
"1621","COG2030"
"1622","COG2031"
"1623","COG2032"
"1624","COG2033"
"1625","COG2035"
"1626","COG2036"
"1627","COG2038"
"1628","COG2039"
"1629","COG2040"
"1630","COG2041"
"1631","COG2043"
"1632","COG2045"
"1633","COG2048"
"1634","COG2049"
"1635","COG2050"
"1636","COG2052"
"1637","COG2055"
"1638","COG2056"
"1639","COG2057"
"1640","COG2058"
"1641","COG2059"
"1642","COG2060"
"1643","COG2061"
"1644","COG2063"
"1645","COG2065"
"1646","COG2066"
"1647","COG2067"
"1648","COG2068"
"1649","COG2069"
"1650","COG2070"
"1651","COG2071"
"1652","COG2073"
"1653","COG2074"
"1654","COG2075"
"1655","COG2076"
"1656","COG2077"
"1657","COG2078"
"1658","COG2079"
"1659","COG2080"
"1660","COG2081"
"1661","COG2082"
"1662","COG2084"
"1663","COG2086"
"1664","COG2087"
"1665","COG2088"
"1666","COG2089"
"1667","COG2091"
"1668","COG2094"
"1669","COG2095"
"1670","COG2096"
"1671","COG2097"
"1672","COG2099"
"1673","COG2101"
"1674","COG2102"
"1675","COG2103"
"1676","COG2104"
"1677","COG2105"
"1678","COG2107"
"1679","COG2108"
"1680","COG2109"
"1681","COG2110"
"1682","COG2111"
"1683","COG2112"
"1684","COG2113"
"1685","COG2114"
"1686","COG2115"
"1687","COG2116"
"1688","COG2120"
"1689","COG2121"
"1690","COG2123"
"1691","COG2125"
"1692","COG2126"
"1693","COG2127"
"1694","COG2128"
"1695","COG2129"
"1696","COG2131"
"1697","COG2135"
"1698","COG2136"
"1699","COG2137"
"1700","COG2138"
"1701","COG2139"
"1702","COG2140"
"1703","COG2143"
"1704","COG2145"
"1705","COG2146"
"1706","COG2147"
"1707","COG2148"
"1708","COG2149"
"1709","COG2151"
"1710","COG2152"
"1711","COG2153"
"1712","COG2155"
"1713","COG2156"
"1714","COG2158"
"1715","COG2159"
"1716","COG2160"
"1717","COG2161"
"1718","COG2163"
"1719","COG2165"
"1720","COG2166"
"1721","COG2169"
"1722","COG2171"
"1723","COG2172"
"1724","COG2173"
"1725","COG2176"
"1726","COG2177"
"1727","COG2179"
"1728","COG2181"
"1729","COG2182"
"1730","COG2183"
"1731","COG2184"
"1732","COG2185"
"1733","COG2186"
"1734","COG2188"
"1735","COG2189"
"1736","COG2190"
"1737","COG2191"
"1738","COG2193"
"1739","COG2194"
"1740","COG2195"
"1741","COG2197"
"1742","COG2198"
"1743","COG2199"
"1744","COG2200"
"1745","COG2201"
"1746","COG2202"
"1747","COG2203"
"1748","COG2204"
"1749","COG2205"
"1750","COG2206"
"1751","COG2207"
"1752","COG2208"
"1753","COG2209"
"1754","COG2210"
"1755","COG2211"
"1756","COG2212"
"1757","COG2213"
"1758","COG2216"
"1759","COG2217"
"1760","COG2220"
"1761","COG2221"
"1762","COG2222"
"1763","COG2223"
"1764","COG2226"
"1765","COG2227"
"1766","COG2229"
"1767","COG2230"
"1768","COG2233"
"1769","COG2234"
"1770","COG2235"
"1771","COG2236"
"1772","COG2238"
"1773","COG2239"
"1774","COG2240"
"1775","COG2241"
"1776","COG2242"
"1777","COG2243"
"1778","COG2244"
"1779","COG2246"
"1780","COG2249"
"1781","COG2250"
"1782","COG2252"
"1783","COG2253"
"1784","COG2255"
"1785","COG2256"
"1786","COG2258"
"1787","COG2259"
"1788","COG2261"
"1789","COG2262"
"1790","COG2263"
"1791","COG2264"
"1792","COG2265"
"1793","COG2266"
"1794","COG2267"
"1795","COG2268"
"1796","COG2270"
"1797","COG2271"
"1798","COG2272"
"1799","COG2273"
"1800","COG2274"
"1801","COG2301"
"1802","COG2302"
"1803","COG2303"
"1804","COG2304"
"1805","COG2307"
"1806","COG2308"
"1807","COG2309"
"1808","COG2310"
"1809","COG2311"
"1810","COG2312"
"1811","COG2313"
"1812","COG2314"
"1813","COG2315"
"1814","COG2316"
"1815","COG2317"
"1816","COG2319"
"1817","COG2320"
"1818","COG2321"
"1819","COG2323"
"1820","COG2326"
"1821","COG2327"
"1822","COG2331"
"1823","COG2332"
"1824","COG2333"
"1825","COG2334"
"1826","COG2335"
"1827","COG2336"
"1828","COG2337"
"1829","COG2339"
"1830","COG2340"
"1831","COG2344"
"1832","COG2350"
"1833","COG2351"
"1834","COG2355"
"1835","COG2356"
"1836","COG2357"
"1837","COG2358"
"1838","COG2360"
"1839","COG2361"
"1840","COG2362"
"1841","COG2364"
"1842","COG2365"
"1843","COG2367"
"1844","COG2368"
"1845","COG2369"
"1846","COG2371"
"1847","COG2373"
"1848","COG2374"
"1849","COG2376"
"1850","COG2377"
"1851","COG2378"
"1852","COG2379"
"1853","COG2382"
"1854","COG2384"
"1855","COG2385"
"1856","COG2386"
"1857","COG2388"
"1858","COG2390"
"1859","COG2401"
"1860","COG2404"
"1861","COG2405"
"1862","COG2406"
"1863","COG2407"
"1864","COG2409"
"1865","COG2413"
"1866","COG2414"
"1867","COG2421"
"1868","COG2423"
"1869","COG2425"
"1870","COG2426"
"1871","COG2431"
"1872","COG2440"
"1873","COG2442"
"1874","COG2452"
"1875","COG2453"
"1876","COG2454"
"1877","COG2456"
"1878","COG2501"
"1879","COG2502"
"1880","COG2508"
"1881","COG2509"
"1882","COG2510"
"1883","COG2512"
"1884","COG2513"
"1885","COG2514"
"1886","COG2515"
"1887","COG2518"
"1888","COG2519"
"1889","COG2524"
"1890","COG2602"
"1891","COG2603"
"1892","COG2605"
"1893","COG2606"
"1894","COG2607"
"1895","COG2608"
"1896","COG2610"
"1897","COG2703"
"1898","COG2704"
"1899","COG2706"
"1900","COG2715"
"1901","COG2716"
"1902","COG2720"
"1903","COG2721"
"1904","COG2723"
"1905","COG2730"
"1906","COG2731"
"1907","COG2732"
"1908","COG2738"
"1909","COG2739"
"1910","COG2740"
"1911","COG2746"
"1912","COG2747"
"1913","COG2755"
"1914","COG2759"
"1915","COG2761"
"1916","COG2768"
"1917","COG2771"
"1918","COG2801"
"1919","COG2804"
"1920","COG2805"
"1921","COG2807"
"1922","COG2812"
"1923","COG2814"
"1924","COG2815"
"1925","COG2816"
"1926","COG2818"
"1927","COG2819"
"1928","COG2820"
"1929","COG2821"
"1930","COG2823"
"1931","COG2825"
"1932","COG2826"
"1933","COG2827"
"1934","COG2828"
"1935","COG2829"
"1936","COG2830"
"1937","COG2831"
"1938","COG2832"
"1939","COG2834"
"1940","COG2835"
"1941","COG2837"
"1942","COG2839"
"1943","COG2840"
"1944","COG2842"
"1945","COG2843"
"1946","COG2844"
"1947","COG2845"
"1948","COG2846"
"1949","COG2848"
"1950","COG2849"
"1951","COG2851"
"1952","COG2852"
"1953","COG2853"
"1954","COG2854"
"1955","COG2855"
"1956","COG2856"
"1957","COG2859"
"1958","COG2860"
"1959","COG2861"
"1960","COG2863"
"1961","COG2864"
"1962","COG2865"
"1963","COG2866"
"1964","COG2868"
"1965","COG2869"
"1966","COG2870"
"1967","COG2871"
"1968","COG2872"
"1969","COG2873"
"1970","COG2875"
"1971","COG2876"
"1972","COG2877"
"1973","COG2878"
"1974","COG2881"
"1975","COG2884"
"1976","COG2885"
"1977","COG2887"
"1978","COG2890"
"1979","COG2891"
"1980","COG2893"
"1981","COG2894"
"1982","COG2895"
"1983","COG2896"
"1984","COG2899"
"1985","COG2900"
"1986","COG2904"
"1987","COG2905"
"1988","COG2908"
"1989","COG2909"
"1990","COG2910"
"1991","COG2911"
"1992","COG2913"
"1993","COG2914"
"1994","COG2916"
"1995","COG2918"
"1996","COG2919"
"1997","COG2920"
"1998","COG2921"
"1999","COG2925"
"2000","COG2929"
"2001","COG2932"
"2002","COG2933"
"2003","COG2935"
"2004","COG2936"
"2005","COG2940"
"2006","COG2942"
"2007","COG2943"
"2008","COG2944"
"2009","COG2945"
"2010","COG2946"
"2011","COG2947"
"2012","COG2948"
"2013","COG2949"
"2014","COG2951"
"2015","COG2954"
"2016","COG2956"
"2017","COG2957"
"2018","COG2958"
"2019","COG2961"
"2020","COG2962"
"2021","COG2963"
"2022","COG2964"
"2023","COG2965"
"2024","COG2966"
"2025","COG2967"
"2026","COG2968"
"2027","COG2971"
"2028","COG2972"
"2029","COG2974"
"2030","COG2975"
"2031","COG2976"
"2032","COG2977"
"2033","COG2978"
"2034","COG2979"
"2035","COG2980"
"2036","COG2982"
"2037","COG2984"
"2038","COG2985"
"2039","COG2986"
"2040","COG2987"
"2041","COG2989"
"2042","COG2996"
"2043","COG2998"
"2044","COG3004"
"2045","COG3005"
"2046","COG3007"
"2047","COG3008"
"2048","COG3009"
"2049","COG3010"
"2050","COG3011"
"2051","COG3012"
"2052","COG3014"
"2053","COG3015"
"2054","COG3016"
"2055","COG3021"
"2056","COG3022"
"2057","COG3023"
"2058","COG3024"
"2059","COG3027"
"2060","COG3028"
"2061","COG3033"
"2062","COG3034"
"2063","COG3039"
"2064","COG3040"
"2065","COG3041"
"2066","COG3043"
"2067","COG3044"
"2068","COG3048"
"2069","COG3049"
"2070","COG3051"
"2071","COG3052"
"2072","COG3053"
"2073","COG3055"
"2074","COG3058"
"2075","COG3059"
"2076","COG3063"
"2077","COG3064"
"2078","COG3069"
"2079","COG3070"
"2080","COG3071"
"2081","COG3075"
"2082","COG3077"
"2083","COG3081"
"2084","COG3083"
"2085","COG3086"
"2086","COG3087"
"2087","COG3088"
"2088","COG3090"
"2089","COG3093"
"2090","COG3096"
"2091","COG3103"
"2092","COG3104"
"2093","COG3107"
"2094","COG3108"
"2095","COG3111"
"2096","COG3114"
"2097","COG3118"
"2098","COG3119"
"2099","COG3123"
"2100","COG3127"
"2101","COG3129"
"2102","COG3131"
"2103","COG3133"
"2104","COG3142"
"2105","COG3143"
"2106","COG3148"
"2107","COG3150"
"2108","COG3152"
"2109","COG3153"
"2110","COG3158"
"2111","COG3164"
"2112","COG3169"
"2113","COG3172"
"2114","COG3173"
"2115","COG3174"
"2116","COG3176"
"2117","COG3177"
"2118","COG3178"
"2119","COG3179"
"2120","COG3180"
"2121","COG3181"
"2122","COG3182"
"2123","COG3183"
"2124","COG3184"
"2125","COG3185"
"2126","COG3187"
"2127","COG3189"
"2128","COG3191"
"2129","COG3192"
"2130","COG3193"
"2131","COG3194"
"2132","COG3199"
"2133","COG3201"
"2134","COG3202"
"2135","COG3203"
"2136","COG3206"
"2137","COG3208"
"2138","COG3209"
"2139","COG3212"
"2140","COG3214"
"2141","COG3221"
"2142","COG3222"
"2143","COG3225"
"2144","COG3226"
"2145","COG3233"
"2146","COG3236"
"2147","COG3238"
"2148","COG3242"
"2149","COG3246"
"2150","COG3247"
"2151","COG3250"
"2152","COG3254"
"2153","COG3260"
"2154","COG3261"
"2155","COG3263"
"2156","COG3264"
"2157","COG3265"
"2158","COG3267"
"2159","COG3270"
"2160","COG3274"
"2161","COG3275"
"2162","COG3276"
"2163","COG3277"
"2164","COG3279"
"2165","COG3283"
"2166","COG3284"
"2167","COG3285"
"2168","COG3288"
"2169","COG3290"
"2170","COG3291"
"2171","COG3292"
"2172","COG3293"
"2173","COG3294"
"2174","COG3295"
"2175","COG3296"
"2176","COG3299"
"2177","COG3301"
"2178","COG3302"
"2179","COG3303"
"2180","COG3304"
"2181","COG3306"
"2182","COG3307"
"2183","COG3309"
"2184","COG3311"
"2185","COG3314"
"2186","COG3315"
"2187","COG3316"
"2188","COG3318"
"2189","COG3319"
"2190","COG3321"
"2191","COG3323"
"2192","COG3324"
"2193","COG3325"
"2194","COG3326"
"2195","COG3328"
"2196","COG3331"
"2197","COG3333"
"2198","COG3334"
"2199","COG3335"
"2200","COG3339"
"2201","COG3340"
"2202","COG3341"
"2203","COG3343"
"2204","COG3344"
"2205","COG3345"
"2206","COG3355"
"2207","COG3359"
"2208","COG3363"
"2209","COG3366"
"2210","COG3369"
"2211","COG3370"
"2212","COG3378"
"2213","COG3379"
"2214","COG3381"
"2215","COG3382"
"2216","COG3383"
"2217","COG3385"
"2218","COG3386"
"2219","COG3387"
"2220","COG3391"
"2221","COG3392"
"2222","COG3393"
"2223","COG3394"
"2224","COG3395"
"2225","COG3398"
"2226","COG3401"
"2227","COG3402"
"2228","COG3404"
"2229","COG3405"
"2230","COG3407"
"2231","COG3408"
"2232","COG3409"
"2233","COG3410"
"2234","COG3411"
"2235","COG3412"
"2236","COG3415"
"2237","COG3417"
"2238","COG3420"
"2239","COG3421"
"2240","COG3425"
"2241","COG3426"
"2242","COG3427"
"2243","COG3428"
"2244","COG3436"
"2245","COG3437"
"2246","COG3439"
"2247","COG3440"
"2248","COG3442"
"2249","COG3444"
"2250","COG3448"
"2251","COG3449"
"2252","COG3451"
"2253","COG3456"
"2254","COG3457"
"2255","COG3458"
"2256","COG3459"
"2257","COG3464"
"2258","COG3467"
"2259","COG3468"
"2260","COG3471"
"2261","COG3472"
"2262","COG3475"
"2263","COG3476"
"2264","COG3477"
"2265","COG3481"
"2266","COG3487"
"2267","COG3488"
"2268","COG3489"
"2269","COG3493"
"2270","COG3494"
"2271","COG3497"
"2272","COG3498"
"2273","COG3499"
"2274","COG3500"
"2275","COG3501"
"2276","COG3503"
"2277","COG3504"
"2278","COG3505"
"2279","COG3506"
"2280","COG3507"
"2281","COG3509"
"2282","COG3512"
"2283","COG3513"
"2284","COG3514"
"2285","COG3525"
"2286","COG3528"
"2287","COG3530"
"2288","COG3531"
"2289","COG3533"
"2290","COG3534"
"2291","COG3535"
"2292","COG3536"
"2293","COG3537"
"2294","COG3538"
"2295","COG3541"
"2296","COG3543"
"2297","COG3544"
"2298","COG3546"
"2299","COG3547"
"2300","COG3549"
"2301","COG3550"
"2302","COG3557"
"2303","COG3560"
"2304","COG3561"
"2305","COG3563"
"2306","COG3566"
"2307","COG3567"
"2308","COG3568"
"2309","COG3572"
"2310","COG3573"
"2311","COG3577"
"2312","COG3579"
"2313","COG3580"
"2314","COG3581"
"2315","COG3583"
"2316","COG3584"
"2317","COG3585"
"2318","COG3586"
"2319","COG3587"
"2320","COG3589"
"2321","COG3590"
"2322","COG3591"
"2323","COG3592"
"2324","COG3593"
"2325","COG3594"
"2326","COG3595"
"2327","COG3596"
"2328","COG3598"
"2329","COG3599"
"2330","COG3600"
"2331","COG3601"
"2332","COG3603"
"2333","COG3604"
"2334","COG3607"
"2335","COG3608"
"2336","COG3609"
"2337","COG3610"
"2338","COG3611"
"2339","COG3613"
"2340","COG3616"
"2341","COG3617"
"2342","COG3618"
"2343","COG3619"
"2344","COG3620"
"2345","COG3622"
"2346","COG3628"
"2347","COG3629"
"2348","COG3630"
"2349","COG3633"
"2350","COG3634"
"2351","COG3635"
"2352","COG3636"
"2353","COG3637"
"2354","COG3638"
"2355","COG3640"
"2356","COG3641"
"2357","COG3642"
"2358","COG3643"
"2359","COG3645"
"2360","COG3646"
"2361","COG3649"
"2362","COG3653"
"2363","COG3654"
"2364","COG3655"
"2365","COG3657"
"2366","COG3659"
"2367","COG3660"
"2368","COG3661"
"2369","COG3663"
"2370","COG3664"
"2371","COG3666"
"2372","COG3668"
"2373","COG3669"
"2374","COG3671"
"2375","COG3672"
"2376","COG3677"
"2377","COG3678"
"2378","COG3680"
"2379","COG3681"
"2380","COG3682"
"2381","COG3685"
"2382","COG3688"
"2383","COG3689"
"2384","COG3693"
"2385","COG3694"
"2386","COG3695"
"2387","COG3696"
"2388","COG3698"
"2389","COG3701"
"2390","COG3705"
"2391","COG3706"
"2392","COG3707"
"2393","COG3708"
"2394","COG3710"
"2395","COG3711"
"2396","COG3712"
"2397","COG3715"
"2398","COG3716"
"2399","COG3717"
"2400","COG3718"
"2401","COG3719"
"2402","COG3721"
"2403","COG3723"
"2404","COG3727"
"2405","COG3728"
"2406","COG3730"
"2407","COG3731"
"2408","COG3732"
"2409","COG3735"
"2410","COG3736"
"2411","COG3738"
"2412","COG3740"
"2413","COG3744"
"2414","COG3746"
"2415","COG3747"
"2416","COG3752"
"2417","COG3754"
"2418","COG3755"
"2419","COG3757"
"2420","COG3758"
"2421","COG3760"
"2422","COG3762"
"2423","COG3763"
"2424","COG3764"
"2425","COG3765"
"2426","COG3772"
"2427","COG3773"
"2428","COG3774"
"2429","COG3775"
"2430","COG3778"
"2431","COG3786"
"2432","COG3787"
"2433","COG3797"
"2434","COG3804"
"2435","COG3808"
"2436","COG3809"
"2437","COG3815"
"2438","COG3821"
"2439","COG3822"
"2440","COG3823"
"2441","COG3825"
"2442","COG3828"
"2443","COG3829"
"2444","COG3830"
"2445","COG3831"
"2446","COG3832"
"2447","COG3833"
"2448","COG3835"
"2449","COG3836"
"2450","COG3837"
"2451","COG3838"
"2452","COG3839"
"2453","COG3842"
"2454","COG3843"
"2455","COG3844"
"2456","COG3845"
"2457","COG3846"
"2458","COG3848"
"2459","COG3850"
"2460","COG3852"
"2461","COG3853"
"2462","COG3854"
"2463","COG3855"
"2464","COG3857"
"2465","COG3858"
"2466","COG3859"
"2467","COG3862"
"2468","COG3863"
"2469","COG3864"
"2470","COG3866"
"2471","COG3867"
"2472","COG3869"
"2473","COG3870"
"2474","COG3871"
"2475","COG3872"
"2476","COG3874"
"2477","COG3875"
"2478","COG3876"
"2479","COG3877"
"2480","COG3878"
"2481","COG3880"
"2482","COG3882"
"2483","COG3883"
"2484","COG3884"
"2485","COG3885"
"2486","COG3887"
"2487","COG3893"
"2488","COG3894"
"2489","COG3896"
"2490","COG3897"
"2491","COG3899"
"2492","COG3905"
"2493","COG3907"
"2494","COG3910"
"2495","COG3914"
"2496","COG3919"
"2497","COG3924"
"2498","COG3926"
"2499","COG3933"
"2500","COG3934"
"2501","COG3935"
"2502","COG3937"
"2503","COG3938"
"2504","COG3940"
"2505","COG3941"
"2506","COG3943"
"2507","COG3944"
"2508","COG3947"
"2509","COG3948"
"2510","COG3949"
"2511","COG3950"
"2512","COG3952"
"2513","COG3955"
"2514","COG3956"
"2515","COG3957"
"2516","COG3958"
"2517","COG3959"
"2518","COG3961"
"2519","COG3962"
"2520","COG3963"
"2521","COG3968"
"2522","COG3969"
"2523","COG3972"
"2524","COG3973"
"2525","COG3976"
"2526","COG3977"
"2527","COG3980"
"2528","COG3981"
"2529","COG4021"
"2530","COG4032"
"2531","COG4043"
"2532","COG4076"
"2533","COG4086"
"2534","COG4087"
"2535","COG4088"
"2536","COG4091"
"2537","COG4095"
"2538","COG4096"
"2539","COG4099"
"2540","COG4100"
"2541","COG4103"
"2542","COG4104"
"2543","COG4105"
"2544","COG4106"
"2545","COG4108"
"2546","COG4109"
"2547","COG4110"
"2548","COG4111"
"2549","COG4112"
"2550","COG4113"
"2551","COG4115"
"2552","COG4118"
"2553","COG4120"
"2554","COG4121"
"2555","COG4122"
"2556","COG4123"
"2557","COG4124"
"2558","COG4126"
"2559","COG4127"
"2560","COG4129"
"2561","COG4133"
"2562","COG4137"
"2563","COG4145"
"2564","COG4146"
"2565","COG4147"
"2566","COG4148"
"2567","COG4149"
"2568","COG4152"
"2569","COG4154"
"2570","COG4166"
"2571","COG4172"
"2572","COG4175"
"2573","COG4176"
"2574","COG4177"
"2575","COG4178"
"2576","COG4185"
"2577","COG4186"
"2578","COG4187"
"2579","COG4188"
"2580","COG4189"
"2581","COG4191"
"2582","COG4193"
"2583","COG4194"
"2584","COG4198"
"2585","COG4200"
"2586","COG4206"
"2587","COG4209"
"2588","COG4211"
"2589","COG4213"
"2590","COG4214"
"2591","COG4219"
"2592","COG4221"
"2593","COG4222"
"2594","COG4224"
"2595","COG4225"
"2596","COG4226"
"2597","COG4227"
"2598","COG4228"
"2599","COG4229"
"2600","COG4231"
"2601","COG4232"
"2602","COG4233"
"2603","COG4235"
"2604","COG4237"
"2605","COG4239"
"2606","COG4243"
"2607","COG4245"
"2608","COG4248"
"2609","COG4249"
"2610","COG4252"
"2611","COG4257"
"2612","COG4258"
"2613","COG4260"
"2614","COG4261"
"2615","COG4268"
"2616","COG4271"
"2617","COG4277"
"2618","COG4279"
"2619","COG4281"
"2620","COG4283"
"2621","COG4284"
"2622","COG4285"
"2623","COG4289"
"2624","COG4290"
"2625","COG4295"
"2626","COG4296"
"2627","COG4299"
"2628","COG4306"
"2629","COG4314"
"2630","COG4319"
"2631","COG4332"
"2632","COG4354"
"2633","COG4360"
"2634","COG4372"
"2635","COG4373"
"2636","COG4377"
"2637","COG4379"
"2638","COG4380"
"2639","COG4381"
"2640","COG4383"
"2641","COG4384"
"2642","COG4385"
"2643","COG4386"
"2644","COG4387"
"2645","COG4388"
"2646","COG4392"
"2647","COG4394"
"2648","COG4395"
"2649","COG4396"
"2650","COG4399"
"2651","COG4401"
"2652","COG4403"
"2653","COG4405"
"2654","COG4409"
"2655","COG4412"
"2656","COG4413"
"2657","COG4416"
"2658","COG4421"
"2659","COG4422"
"2660","COG4430"
"2661","COG4448"
"2662","COG4452"
"2663","COG4453"
"2664","COG4457"
"2665","COG4458"
"2666","COG4464"
"2667","COG4465"
"2668","COG4466"
"2669","COG4468"
"2670","COG4469"
"2671","COG4472"
"2672","COG4474"
"2673","COG4475"
"2674","COG4478"
"2675","COG4481"
"2676","COG4485"
"2677","COG4487"
"2678","COG4492"
"2679","COG4496"
"2680","COG4502"
"2681","COG4506"
"2682","COG4508"
"2683","COG4509"
"2684","COG4512"
"2685","COG4518"
"2686","COG4531"
"2687","COG4535"
"2688","COG4536"
"2689","COG4540"
"2690","COG4542"
"2691","COG4545"
"2692","COG4547"
"2693","COG4548"
"2694","COG4552"
"2695","COG4564"
"2696","COG4565"
"2697","COG4566"
"2698","COG4570"
"2699","COG4573"
"2700","COG4575"
"2701","COG4576"
"2702","COG4577"
"2703","COG4578"
"2704","COG4581"
"2705","COG4582"
"2706","COG4584"
"2707","COG4585"
"2708","COG4586"
"2709","COG4587"
"2710","COG4589"
"2711","COG4591"
"2712","COG4597"
"2713","COG4603"
"2714","COG4608"
"2715","COG4618"
"2716","COG4623"
"2717","COG4624"
"2718","COG4625"
"2719","COG4626"
"2720","COG4630"
"2721","COG4631"
"2722","COG4632"
"2723","COG4633"
"2724","COG4634"
"2725","COG4635"
"2726","COG4636"
"2727","COG4637"
"2728","COG4639"
"2729","COG4640"
"2730","COG4641"
"2731","COG4642"
"2732","COG4643"
"2733","COG4646"
"2734","COG4648"
"2735","COG4651"
"2736","COG4653"
"2737","COG4656"
"2738","COG4657"
"2739","COG4658"
"2740","COG4659"
"2741","COG4660"
"2742","COG4663"
"2743","COG4664"
"2744","COG4665"
"2745","COG4666"
"2746","COG4667"
"2747","COG4668"
"2748","COG4669"
"2749","COG4670"
"2750","COG4671"
"2751","COG4675"
"2752","COG4676"
"2753","COG4677"
"2754","COG4679"
"2755","COG4680"
"2756","COG4683"
"2757","COG4684"
"2758","COG4687"
"2759","COG4690"
"2760","COG4692"
"2761","COG4693"
"2762","COG4694"
"2763","COG4695"
"2764","COG4696"
"2765","COG4700"
"2766","COG4702"
"2767","COG4704"
"2768","COG4706"
"2769","COG4708"
"2770","COG4709"
"2771","COG4710"
"2772","COG4712"
"2773","COG4713"
"2774","COG4715"
"2775","COG4717"
"2776","COG4720"
"2777","COG4722"
"2778","COG4724"
"2779","COG4725"
"2780","COG4728"
"2781","COG4729"
"2782","COG4731"
"2783","COG4732"
"2784","COG4733"
"2785","COG4734"
"2786","COG4735"
"2787","COG4737"
"2788","COG4739"
"2789","COG4742"
"2790","COG4744"
"2791","COG4747"
"2792","COG4748"
"2793","COG4750"
"2794","COG4753"
"2795","COG4758"
"2796","COG4760"
"2797","COG4767"
"2798","COG4768"
"2799","COG4769"
"2800","COG4770"
"2801","COG4771"
"2802","COG4772"
"2803","COG4775"
"2804","COG4779"
"2805","COG4783"
"2806","COG4784"
"2807","COG4785"
"2808","COG4786"
"2809","COG4789"
"2810","COG4790"
"2811","COG4791"
"2812","COG4794"
"2813","COG4795"
"2814","COG4799"
"2815","COG4802"
"2816","COG4803"
"2817","COG4804"
"2818","COG4805"
"2819","COG4806"
"2820","COG4810"
"2821","COG4813"
"2822","COG4816"
"2823","COG4818"
"2824","COG4820"
"2825","COG4821"
"2826","COG4822"
"2827","COG4823"
"2828","COG4824"
"2829","COG4826"
"2830","COG4828"
"2831","COG4830"
"2832","COG4832"
"2833","COG4833"
"2834","COG4834"
"2835","COG4842"
"2836","COG4845"
"2837","COG4849"
"2838","COG4856"
"2839","COG4857"
"2840","COG4859"
"2841","COG4861"
"2842","COG4862"
"2843","COG4864"
"2844","COG4866"
"2845","COG4868"
"2846","COG4869"
"2847","COG4870"
"2848","COG4877"
"2849","COG4878"
"2850","COG4880"
"2851","COG4884"
"2852","COG4886"
"2853","COG4887"
"2854","COG4889"
"2855","COG4894"
"2856","COG4898"
"2857","COG4901"
"2858","COG4905"
"2859","COG4908"
"2860","COG4909"
"2861","COG4910"
"2862","COG4912"
"2863","COG4913"
"2864","COG4917"
"2865","COG4922"
"2866","COG4923"
"2867","COG4925"
"2868","COG4926"
"2869","COG4927"
"2870","COG4928"
"2871","COG4929"
"2872","COG4930"
"2873","COG4932"
"2874","COG4933"
"2875","COG4936"
"2876","COG4938"
"2877","COG4939"
"2878","COG4942"
"2879","COG4946"
"2880","COG4947"
"2881","COG4948"
"2882","COG4951"
"2883","COG4952"
"2884","COG4953"
"2885","COG4957"
"2886","COG4959"
"2887","COG4960"
"2888","COG4962"
"2889","COG4965"
"2890","COG4968"
"2891","COG4969"
"2892","COG4970"
"2893","COG4972"
"2894","COG4973"
"2895","COG4974"
"2896","COG4975"
"2897","COG4976"
"2898","COG4977"
"2899","COG4978"
"2900","COG4980"
"2901","COG4983"
"2902","COG4984"
"2903","COG4987"
"2904","COG4988"
"2905","COG4989"
"2906","COG4990"
"2907","COG4991"
"2908","COG4992"
"2909","COG4995"
"2910","COG5000"
"2911","COG5002"
"2912","COG5004"
"2913","COG5005"
"2914","COG5006"
"2915","COG5009"
"2916","COG5010"
"2917","COG5011"
"2918","COG5012"
"2919","COG5013"
"2920","COG5015"
"2921","COG5016"
"2922","COG5017"
"2923","COG5018"
"2924","COG5021"
"2925","COG5022"
"2926","COG5023"
"2927","COG5024"
"2928","COG5026"
"2929","COG5027"
"2930","COG5028"
"2931","COG5029"
"2932","COG5030"
"2933","COG5032"
"2934","COG5033"
"2935","COG5035"
"2936","COG5038"
"2937","COG5039"
"2938","COG5040"
"2939","COG5041"
"2940","COG5043"
"2941","COG5044"
"2942","COG5045"
"2943","COG5046"
"2944","COG5047"
"2945","COG5048"
"2946","COG5049"
"2947","COG5051"
"2948","COG5053"
"2949","COG5057"
"2950","COG5059"
"2951","COG5063"
"2952","COG5064"
"2953","COG5069"
"2954","COG5070"
"2955","COG5071"
"2956","COG5075"
"2957","COG5076"
"2958","COG5077"
"2959","COG5078"
"2960","COG5079"
"2961","COG5082"
"2962","COG5083"
"2963","COG5084"
"2964","COG5088"
"2965","COG5091"
"2966","COG5092"
"2967","COG5095"
"2968","COG5096"
"2969","COG5097"
"2970","COG5098"
"2971","COG5099"
"2972","COG5101"
"2973","COG5103"
"2974","COG5104"
"2975","COG5105"
"2976","COG5106"
"2977","COG5107"
"2978","COG5110"
"2979","COG5114"
"2980","COG5116"
"2981","COG5118"
"2982","COG5122"
"2983","COG5124"
"2984","COG5126"
"2985","COG5127"
"2986","COG5129"
"2987","COG5132"
"2988","COG5133"
"2989","COG5134"
"2990","COG5137"
"2991","COG5138"
"2992","COG5139"
"2993","COG5140"
"2994","COG5141"
"2995","COG5142"
"2996","COG5143"
"2997","COG5146"
"2998","COG5147"
"2999","COG5148"
"3000","COG5151"
"3001","COG5152"
"3002","COG5154"
"3003","COG5158"
"3004","COG5159"
"3005","COG5160"
"3006","COG5161"
"3007","COG5162"
"3008","COG5163"
"3009","COG5164"
"3010","COG5167"
"3011","COG5170"
"3012","COG5175"
"3013","COG5176"
"3014","COG5177"
"3015","COG5178"
"3016","COG5179"
"3017","COG5180"
"3018","COG5181"
"3019","COG5182"
"3020","COG5184"
"3021","COG5186"
"3022","COG5187"
"3023","COG5188"
"3024","COG5189"
"3025","COG5190"
"3026","COG5191"
"3027","COG5192"
"3028","COG5194"
"3029","COG5196"
"3030","COG5200"
"3031","COG5201"
"3032","COG5202"
"3033","COG5204"
"3034","COG5206"
"3035","COG5207"
"3036","COG5210"
"3037","COG5211"
"3038","COG5213"
"3039","COG5215"
"3040","COG5217"
"3041","COG5218"
"3042","COG5219"
"3043","COG5220"
"3044","COG5222"
"3045","COG5223"
"3046","COG5226"
"3047","COG5228"
"3048","COG5229"
"3049","COG5230"
"3050","COG5231"
"3051","COG5234"
"3052","COG5235"
"3053","COG5236"
"3054","COG5239"
"3055","COG5240"
"3056","COG5243"
"3057","COG5244"
"3058","COG5245"
"3059","COG5246"
"3060","COG5247"
"3061","COG5249"
"3062","COG5250"
"3063","COG5252"
"3064","COG5253"
"3065","COG5256"
"3066","COG5257"
"3067","COG5259"
"3068","COG5260"
"3069","COG5262"
"3070","COG5263"
"3071","COG5266"
"3072","COG5268"
"3073","COG5269"
"3074","COG5271"
"3075","COG5272"
"3076","COG5273"
"3077","COG5276"
"3078","COG5277"
"3079","COG5279"
"3080","COG5280"
"3081","COG5283"
"3082","COG5293"
"3083","COG5294"
"3084","COG5295"
"3085","COG5301"
"3086","COG5307"
"3087","COG5308"
"3088","COG5314"
"3089","COG5329"
"3090","COG5333"
"3091","COG5336"
"3092","COG5337"
"3093","COG5340"
"3094","COG5341"
"3095","COG5347"
"3096","COG5354"
"3097","COG5360"
"3098","COG5362"
"3099","COG5368"
"3100","COG5371"
"3101","COG5373"
"3102","COG5377"
"3103","COG5384"
"3104","COG5393"
"3105","COG5401"
"3106","COG5405"
"3107","COG5406"
"3108","COG5410"
"3109","COG5411"
"3110","COG5412"
"3111","COG5414"
"3112","COG5418"
"3113","COG5421"
"3114","COG5422"
"3115","COG5423"
"3116","COG5426"
"3117","COG5427"
"3118","COG5433"
"3119","COG5434"
"3120","COG5437"
"3121","COG5438"
"3122","COG5441"
"3123","COG5459"
"3124","COG5464"
"3125","COG5465"
"3126","COG5471"
"3127","COG5476"
"3128","COG5484"
"3129","COG5485"
"3130","COG5492"
"3131","COG5495"
"3132","COG5496"
"3133","COG5499"
"3134","COG5505"
"3135","COG5511"
"3136","COG5519"
"3137","COG5520"
"3138","COG5522"
"3139","COG5523"
"3140","COG5525"
"3141","COG5527"
"3142","COG5532"
"3143","COG5533"
"3144","COG5536"
"3145","COG5537"
"3146","COG5539"
"3147","COG5540"
"3148","COG5545"
"3149","COG5557"
"3150","COG5560"
"3151","COG5561"
"3152","COG5564"
"3153","COG5565"
"3154","COG5566"
"3155","COG5574"
"3156","COG5578"
"3157","COG5579"
"3158","COG5580"
"3159","COG5581"
"3160","COG5585"
"3161","COG5587"
"3162","COG5593"
"3163","COG5595"
"3164","COG5599"
"3165","COG5603"
"3166","COG5610"
"3167","COG5613"
"3168","COG5614"
"3169","COG5620"
"3170","COG5624"
"3171","COG5628"
"3172","COG5632"
"3173","COG5635"
"3174","COG5638"
"3175","COG5640"
"3176","COG5644"
"3177","COG5646"
"3178","COG5647"
"3179","COG5651"
"3180","COG5652"
"3181","COG5653"
"3182","COG5655"
"3183","COG5656"
"3184","COG5657"
"3185","COG5659"
"3186","COG5660"
"3187","COG5665"
"3188","COG0011"
"3189","COG0140"
"3190","COG0145"
"3191","COG0146"
"3192","COG0170"
"3193","COG0384"
"3194","COG0435"
"3195","COG0477"
"3196","COG0702"
"3197","COG0754"
"3198","COG0857"
"3199","COG1019"
"3200","COG1031"
"3201","COG1085"
"3202","COG1107"
"3203","COG1182"
"3204","COG1289"
"3205","COG1334"
"3206","COG1340"
"3207","COG1341"
"3208","COG1348"
"3209","COG1384"
"3210","COG1400"
"3211","COG1407"
"3212","COG1478"
"3213","COG1526"
"3214","COG1568"
"3215","COG1582"
"3216","COG1613"
"3217","COG1615"
"3218","COG1623"
"3219","COG1639"
"3220","COG1647"
"3221","COG1650"
"3222","COG1654"
"3223","COG1655"
"3224","COG1676"
"3225","COG1679"
"3226","COG1728"
"3227","COG1735"
"3228","COG1747"
"3229","COG1761"
"3230","COG1776"
"3231","COG1780"
"3232","COG1801"
"3233","COG1821"
"3234","COG1823"
"3235","COG1828"
"3236","COG1871"
"3237","COG1906"
"3238","COG1913"
"3239","COG1941"
"3240","COG1986"
"3241","COG2014"
"3242","COG2016"
"3243","COG2053"
"3244","COG2064"
"3245","COG2085"
"3246","COG2100"
"3247","COG2119"
"3248","COG2122"
"3249","COG2141"
"3250","COG2162"
"3251","COG2174"
"3252","COG2180"
"3253","COG2192"
"3254","COG2214"
"3255","COG2257"
"3256","COG2306"
"3257","COG2345"
"3258","COG2348"
"3259","COG2359"
"3260","COG2433"
"3261","COG2461"
"3262","COG2503"
"3263","COG2521"
"3264","COG2604"
"3265","COG2707"
"3266","COG2764"
"3267","COG2810"
"3268","COG2813"
"3269","COG2882"
"3270","COG2888"
"3271","COG2897"
"3272","COG2898"
"3273","COG2917"
"3274","COG2924"
"3275","COG2927"
"3276","COG2928"
"3277","COG2931"
"3278","COG2937"
"3279","COG2969"
"3280","COG2983"
"3281","COG2992"
"3282","COG3001"
"3283","COG3037"
"3284","COG3045"
"3285","COG3091"
"3286","COG3116"
"3287","COG3117"
"3288","COG3124"
"3289","COG3144"
"3290","COG3147"
"3291","COG3155"
"3292","COG3159"
"3293","COG3170"
"3294","COG3171"
"3295","COG3188"
"3296","COG3190"
"3297","COG3196"
"3298","COG3210"
"3299","COG3216"
"3300","COG3231"
"3301","COG3237"
"3302","COG3255"
"3303","COG3259"
"3304","COG3262"
"3305","COG3266"
"3306","COG3273"
"3307","COG3281"
"3308","COG3287"
"3309","COG3317"
"3310","COG3320"
"3311","COG3330"
"3312","COG3347"
"3313","COG3349"
"3314","COG3360"
"3315","COG3375"
"3316","COG3414"
"3317","COG3422"
"3318","COG3423"
"3319","COG3424"
"3320","COG3434"
"3321","COG3450"
"3322","COG3455"
"3323","COG3469"
"3324","COG3478"
"3325","COG3479"
"3326","COG3480"
"3327","COG3516"
"3328","COG3517"
"3329","COG3519"
"3330","COG3520"
"3331","COG3524"
"3332","COG3527"
"3333","COG3542"
"3334","COG3545"
"3335","COG3548"
"3336","COG3551"
"3337","COG3552"
"3338","COG3562"
"3339","COG3570"
"3340","COG3575"
"3341","COG3576"
"3342","COG3597"
"3343","COG3605"
"3344","COG3621"
"3345","COG3623"
"3346","COG3639"
"3347","COG3676"
"3348","COG3679"
"3349","COG3684"
"3350","COG3692"
"3351","COG3697"
"3352","COG3714"
"3353","COG3741"
"3354","COG3750"
"3355","COG3759"
"3356","COG3768"
"3357","COG3799"
"3358","COG3803"
"3359","COG3807"
"3360","COG3814"
"3361","COG3817"
"3362","COG3820"
"3363","COG3856"
"3364","COG3860"
"3365","COG3879"
"3366","COG3886"
"3367","COG3889"
"3368","COG3895"
"3369","COG3898"
"3370","COG3906"
"3371","COG3911"
"3372","COG3931"
"3373","COG3942"
"3374","COG3951"
"3375","COG3953"
"3376","COG3964"
"3377","COG3965"
"3378","COG3966"
"3379","COG3967"
"3380","COG4022"
"3381","COG4026"
"3382","COG4067"
"3383","COG4098"
"3384","COG4101"
"3385","COG4116"
"3386","COG4119"
"3387","COG4128"
"3388","COG4132"
"3389","COG4143"
"3390","COG4171"
"3391","COG4174"
"3392","COG4190"
"3393","COG4208"
"3394","COG4251"
"3395","COG4253"
"3396","COG4254"
"3397","COG4259"
"3398","COG4262"
"3399","COG4267"
"3400","COG4269"
"3401","COG4272"
"3402","COG4282"
"3403","COG4286"
"3404","COG4288"
"3405","COG4294"
"3406","COG4302"
"3407","COG4304"
"3408","COG4321"
"3409","COG4335"
"3410","COG4336"
"3411","COG4339"
"3412","COG4359"
"3413","COG4397"
"3414","COG4420"
"3415","COG4443"
"3416","COG4461"
"3417","COG4463"
"3418","COG4467"
"3419","COG4470"
"3420","COG4471"
"3421","COG4473"
"3422","COG4476"
"3423","COG4477"
"3424","COG4479"
"3425","COG4483"
"3426","COG4495"
"3427","COG4499"
"3428","COG4530"
"3429","COG4537"
"3430","COG4553"
"3431","COG4555"
"3432","COG4567"
"3433","COG4604"
"3434","COG4615"
"3435","COG4619"
"3436","COG4627"
"3437","COG4649"
"3438","COG4652"
"3439","COG4674"
"3440","COG4698"
"3441","COG4703"
"3442","COG4714"
"3443","COG4716"
"3444","COG4721"
"3445","COG4723"
"3446","COG4752"
"3447","COG4765"
"3448","COG4773"
"3449","COG4781"
"3450","COG4798"
"3451","COG4800"
"3452","COG4801"
"3453","COG4809"
"3454","COG4814"
"3455","COG4819"
"3456","COG4836"
"3457","COG4838"
"3458","COG4839"
"3459","COG4843"
"3460","COG4851"
"3461","COG4853"
"3462","COG4858"
"3463","COG4863"
"3464","COG4872"
"3465","COG4892"
"3466","COG4903"
"3467","COG4907"
"3468","COG4915"
"3469","COG4916"
"3470","COG4940"
"3471","COG4955"
"3472","COG4956"
"3473","COG4961"
"3474","COG4963"
"3475","COG4964"
"3476","COG4997"
"3477","COG5001"
"3478","COG5014"
"3479","COG5036"
"3480","COG5058"
"3481","COG5065"
"3482","COG5090"
"3483","COG5108"
"3484","COG5128"
"3485","COG5153"
"3486","COG5169"
"3487","COG5193"
"3488","COG5199"
"3489","COG5225"
"3490","COG5255"
"3491","COG5265"
"3492","COG5274"
"3493","COG5281"
"3494","COG5304"
"3495","COG5305"
"3496","COG5316"
"3497","COG5321"
"3498","COG5323"
"3499","COG5324"
"3500","COG5330"
"3501","COG5345"
"3502","COG5352"
"3503","COG5353"
"3504","COG5375"
"3505","COG5385"
"3506","COG5389"
"3507","COG5416"
"3508","COG5443"
"3509","COG5444"
"3510","COG5460"
"3511","COG5462"
"3512","COG5468"
"3513","COG5473"
"3514","COG5483"
"3515","COG5503"
"3516","COG5504"
"3517","COG5506"
"3518","COG5510"
"3519","COG5513"
"3520","COG5518"
"3521","COG5529"
"3522","COG5542"
"3523","COG5546"
"3524","COG5547"
"3525","COG5549"
"3526","COG5551"
"3527","COG5563"
"3528","COG5568"
"3529","COG5583"
"3530","COG5597"
"3531","COG5598"
"3532","COG5611"
"3533","COG5617"
"3534","COG5621"
"3535","COG5623"
"3536","COG5658"
"3537","COG5662"
"3538","COG5663"
"3539","COG0843"
"3540","COG1110"
"3541","COG1290"
"3542","COG1336"
"3543","COG1441"
"3544","COG1591"
"3545","COG1604"
"3546","COG1637"
"3547","COG1688"
"3548","COG1719"
"3549","COG1751"
"3550","COG1786"
"3551","COG1817"
"3552","COG1836"
"3553","COG1852"
"3554","COG1857"
"3555","COG2000"
"3556","COG2046"
"3557","COG2093"
"3558","COG2142"
"3559","COG2342"
"3560","COG2410"
"3561","COG2520"
"3562","COG2522"
"3563","COG2710"
"3564","COG2770"
"3565","COG2862"
"3566","COG2981"
"3567","COG2988"
"3568","COG3013"
"3569","COG3017"
"3570","COG3066"
"3571","COG3157"
"3572","COG3204"
"3573","COG3243"
"3574","COG3257"
"3575","COG3280"
"3576","COG3452"
"3577","COG3463"
"3578","COG3473"
"3579","COG3485"
"3580","COG3515"
"3581","COG3518"
"3582","COG3522"
"3583","COG3523"
"3584","COG3559"
"3585","COG3734"
"3586","COG3847"
"3587","COG3881"
"3588","COG3921"
"3589","COG3971"
"3590","COG4012"
"3591","COG4089"
"3592","COG4139"
"3593","COG4158"
"3594","COG4161"
"3595","COG4192"
"3596","COG4223"
"3597","COG4241"
"3598","COG4303"
"3599","COG4310"
"3600","COG4325"
"3601","COG4333"
"3602","COG4382"
"3603","COG4447"
"3604","COG4456"
"3605","COG4558"
"3606","COG4559"
"3607","COG4569"
"3608","COG4598"
"3609","COG4662"
"3610","COG4745"
"3611","COG4766"
"3612","COG4812"
"3613","COG4865"
"3614","COG4943"
"3615","COG4966"
"3616","COG5008"
"3617","COG5270"
"3618","COG5297"
"3619","COG5387"
"3620","COG5482"
"3621","COG5498"
"3622","COG5567"
"3623","COG5577"
"3624","COG5619"
"3625","COG0454"
"3626","COG0470"
"3627","COG0585"
"3628","COG0748"
"3629","COG1049"
"3630","COG1133"
"3631","COG1239"
"3632","COG1485"
"3633","COG1618"
"3634","COG1911"
"3635","COG1978"
"3636","COG1993"
"3637","COG2062"
"3638","COG2124"
"3639","COG2215"
"3640","COG2232"
"3641","COG2251"
"3642","COG2269"
"3643","COG2346"
"3644","COG2353"
"3645","COG2363"
"3646","COG2366"
"3647","COG2717"
"3648","COG2822"
"3649","COG2824"
"3650","COG2833"
"3651","COG2836"
"3652","COG2838"
"3653","COG2841"
"3654","COG2857"
"3655","COG2867"
"3656","COG2901"
"3657","COG2952"
"3658","COG2990"
"3659","COG3018"
"3660","COG3025"
"3661","COG3047"
"3662","COG3062"
"3663","COG3113"
"3664","COG3121"
"3665","COG3126"
"3666","COG3137"
"3667","COG3156"
"3668","COG3200"
"3669","COG3218"
"3670","COG3227"
"3671","COG3239"
"3672","COG3271"
"3673","COG3278"
"3674","COG3298"
"3675","COG3367"
"3676","COG3470"
"3677","COG3702"
"3678","COG3704"
"3679","COG3745"
"3680","COG3827"
"3681","COG3851"
"3682","COG3920"
"3683","COG3945"
"3684","COG3975"
"3685","COG4071"
"3686","COG4092"
"3687","COG4134"
"3688","COG4378"
"3689","COG4393"
"3690","COG4606"
"3691","COG4607"
"3692","COG4672"
"3693","COG4689"
"3694","COG4718"
"3695","COG4736"
"3696","COG4756"
"3697","COG4796"
"3698","COG4808"
"3699","COG4954"
"3700","COG4967"
"3701","COG5050"
"3702","COG5319"
"3703","COG5322"
"3704","COG5342"
"3705","COG5346"
"3706","COG5351"
"3707","COG5442"
"3708","COG5514"
"3709","COG5633"
"3710","COG1059"
"3711","COG1339"
"3712","COG1513"
"3713","COG1553"
"3714","COG1710"
"3715","COG1777"
"3716","COG1885"
"3717","COG1907"
"3718","COG2051"
"3719","COG2072"
"3720","COG2132"
"3721","COG2134"
"3722","COG2411"
"3723","COG2445"
"3724","COG2811"
"3725","COG2886"
"3726","COG3115"
"3727","COG3154"
"3728","COG3167"
"3729","COG3269"
"3730","COG3377"
"3731","COG3435"
"3732","COG3454"
"3733","COG3588"
"3734","COG3624"
"3735","COG3625"
"3736","COG3631"
"3737","COG3665"
"3738","COG3673"
"3739","COG3766"
"3740","COG3819"
"3741","COG3960"
"3742","COG3979"
"3743","COG4066"
"3744","COG4181"
"3745","COG4199"
"3746","COG4220"
"3747","COG4230"
"3748","COG4300"
"3749","COG4305"
"3750","COG4330"
"3751","COG4346"
"3752","COG4371"
"3753","COG4550"
"3754","COG4605"
"3755","COG4763"
"3756","COG4774"
"3757","COG4888"
"3758","COG4918"
"3759","COG4993"
"3760","COG4994"
"3761","COG5278"
"3762","COG5309"
"3763","COG5361"
"3764","COG5403"
"3765","COG5467"
"3766","COG5470"
"3767","COG5607"
"3768","COG5618"
"3769","COG2247"
"3770","COG3074"
"3771","COG3109"
"3772","COG3413"
"3773","COG3465"
"3774","COG3502"
"3775","COG3626"
"3776","COG3627"
"3777","COG3794"
"3778","COG4107"
"3779","COG4307"
"3780","COG4449"
"3781","COG4521"
"3782","COG4551"
"3783","COG4778"
"3784","COG4792"
"3785","COG5291"
"3786","COG5298"
"3787","COG5310"
"3788","COG5350"
"3789","COG5606"
"3790","COG0278"
"3791","COG0387"
"3792","COG0672"
"3793","COG1023"
"3794","COG1311"
"3795","COG1495"
"3796","COG1645"
"3797","COG1756"
"3798","COG1981"
"3799","COG2012"
"3800","COG2092"
"3801","COG2231"
"3802","COG2443"
"3803","COG2609"
"3804","COG2847"
"3805","COG2879"
"3806","COG2907"
"3807","COG2993"
"3808","COG2999"
"3809","COG3146"
"3810","COG3162"
"3811","COG3197"
"3812","COG3400"
"3813","COG3403"
"3814","COG4160"
"3815","COG4263"
"3816","COG4525"
"3817","COG4529"
"3818","COG4757"
"3819","COG4895"
"3820","COG5003"
"3821","COG5112"
"3822","COG5242"
"3823","COG5531"
"3824","COG5594"
"3825","COG1374"
"3826","COG1389"
"3827","COG1571"
"3828","COG1584"
"3829","COG1603"
"3830","COG1631"
"3831","COG1644"
"3832","COG2023"
"3833","COG2042"
"3834","COG2118"
"3835","COG2403"
"3836","COG2419"
"3837","COG2451"
"3838","COG2516"
"3839","COG2874"
"3840","COG3105"
"3841","COG3217"
"3842","COG3453"
"3843","COG3462"
"3844","COG3510"
"3845","COG3569"
"3846","COG3890"
"3847","COG3932"
"3848","COG4317"
"3849","COG4352"
"3850","COG4935"
"3851","COG4941"
"3852","COG5042"
"3853","COG5062"
"3854","COG5080"
"3855","COG5085"
"3856","COG5086"
"3857","COG5093"
"3858","COG5094"
"3859","COG5100"
"3860","COG5102"
"3861","COG5111"
"3862","COG5113"
"3863","COG5120"
"3864","COG5131"
"3865","COG5144"
"3866","COG5155"
"3867","COG5156"
"3868","COG5157"
"3869","COG5171"
"3870","COG5197"
"3871","COG5209"
"3872","COG5221"
"3873","COG5227"
"3874","COG5238"
"3875","COG5275"
"3876","COG5290"
"3877","COG5325"
"3878","COG5391"
"3879","COG5415"
"3880","COG5432"
"3881","COG5448"
"3882","COG5449"
"3883","COG5541"
"3884","COG5576"
"3885","COG5600"
"3886","COG5601"
"3887","COG5627"
"3888","COG5648"
"3889","COG0856"
"3890","COG1973"
"3891","COG1996"
"3892","COG2157"
"3893","COG2802"
"3894","COG2939"
"3895","COG3031"
"3896","COG3135"
"3897","COG3251"
"3898","COG3432"
"3899","COG3443"
"3900","COG3824"
"3901","COG4242"
"3902","COG4594"
"3903","COG4817"
"3904","COG4882"
"3905","COG5019"
